#,name,type,area,opened (approx),instagram,phone,phone type,email,website status,priority,notes
1,Catch Doha,Cafe,Gewan Island,Aug 2026,@catchdoha,,,,None found,High,"Newest on the list; Time Out calls it 'the hottest new café in Doha'. Get the number from IG bio or DM."
2,BLNK Cafe,Cafe,"21 High St, Katara",Dec 2025,@blnk.qtr,+974 5101 1149,Mobile (likely WhatsApp),,None found,High,Breakfast spot featured by Time Out 2026.
3,Overlook,Cafe / brunch,Gewan Island,Early 2026,@overlook.qa,+974 7770 8072,Mobile (likely WhatsApp),,None found,High,"Open 7am-midnight, valet."
4,ALALA Restaurant,Lebanese restaurant,Gewan Island boardwalk,Dec 2025 - Jan 2026,,+974 3994 2000,Mobile (likely WhatsApp),,None found,High,Takes table bookings by phone. A booking page is an easy pitch.
5,Chai Wu,Pan-Asian restaurant,Gewan Island,Late 2025,TikTok @chaiwudoha,+974 3994 3330,Mobile (likely WhatsApp),Listed on TripAdvisor (not public in search),None found,High,Upscale sister of ChaiSan (Harrods London). No site is unusual at this level. Check first that the London group doesn't host a page.
6,BRD Rotisserie,Restaurant,"Crystal Walk, Gewan Island",2025,@brd.qa,+974 5599 7720,Mobile (likely WhatsApp),,None found,High,Went viral on TikTok.
7,Matcha Matcha,Matcha bar,"Shop 9, Bldg 1, Crystal Walk, Gewan",2025,@matcha.qr,+974 3332 3244,Mobile (likely WhatsApp),,Only a Qlub QR menu,Medium,
8,C BREW,Cafe,"Crystal Walk, Gewan Island",Jul 2025,@cbrew.qa,+974 5128 4721,Mobile - catering line,,None found,Medium,On Snoonu/Keeta/Talabat. A catering order page is a good angle.
9,Define,Cafe,"Crystal 08, Crystal Walk, Gewan",Jul 2025,@define.qa,+974 4409 5155,Landline (call; not WhatsApp),,None found,Medium,Design-focused matcha/coffee.
10,Host Cafe,Cafe,"Crystal 2, Gewan Island",2025,@hostcafe.qa,+974 4000 0100,Landline (call; not WhatsApp),,None found,Medium,Not the same as Host Cafe London (hostcafelondon.com).
11,TONKA,Cafe,Gewan Island,Oct 2025,@tonka.qa,,,,None found,Medium,Nordic minimalist style; about 3.5k IG followers.
12,BRÖD,Nordic bakery cafe,"Crystal Walk, Gewan Island",Oct 2025,@brod.qa,,,,None found,Medium,
13,PALMS,Cafe,Gewan Island,Sep 2025,@palmsdoha,,Has a WhatsApp channel (per Facebook),,None found,Medium,Pitches itself as a 'conscious coffee spot'. Sustainability story fits a site well.
14,Palate,Cafe,Gewan Island,2025,@palate.qa,,,,Unclear - check palate.qa,Check first,The IG handle suggests they may own palate.qa.
15,The Wind,Cafe,"Crystal 8, Gewan Island",Jan 2025,@thewindcafe,,,,None found,Medium,
16,Hometown,Cafe,"The Curve Hotel, West Bay",2026,@hometown.qa,,,,None found,Medium,Not the other 'Hometown Cafe' IG accounts.
17,Fenyal,Qatari restaurant,"Crystal Walk, Gewan Island",2025,@fenyal,+974 7081 3711,Mobile (likely WhatsApp),,Menu page only (fenyal.menu.qa),High,MICHELIN Bib Gourmand 2026 with only a menu page. A strong upgrade pitch.
18,Awfully Good!,Cafe / bakery,Gewan Island + The Pearl + Gate Mall,Feb 2024,@awfullygood.qa,+974 5522 0046 / catering +974 7770 0830,Mobile (likely WhatsApp),,None found (only a designer's portfolio page),Low,Opened before 2025. Kept as a bonus lead: 3 branches and no site.
